{"cameraMode":{"drawMode":0,"name":"Shaded","section":"Shading Mode"},"sceneLighting":true,"audioPlay":false,"sceneViewState":{"showFog":true,"showMaterialUpdate":false,"showSkybox":true,"showFlares":true,"showImageEffects":true,"showParticleSystems":true},"in2DMode":false,"pivot":{"x":0.15934225916862489,"y":1.0873591899871827,"z":-2.900146484375},"rotation":{"x":0.011089122854173184,"y":0.9868136048316956,"z":-0.0771278366446495,"w":0.14187848567962647},"size":1.2668960094451905,"orthographic":false}